Row size;OpenBLAS;Current;Ratio;Inaccuracy
100;0.00443905;0.00768239;1.73064;0
200;0.00476595;0.0606691;12.7297;0
300;0.0160697;0.205602;12.7944;0
400;0.0375954;0.489192;13.012;0
500;0.076094;0.975053;12.8138;0
600;0.126052;1.73709;13.7808;0
700;0.202716;2.78324;13.7297;0
800;0.293818;4.17104;14.196;0
900;0.417619;5.94189;14.228;0
1000;0.573305;8.13857;14.1959;0
1100;0.764607;10.9515;14.323;0
1200;0.983681;14.5018;14.7424;0
1300;1.25;18.6641;14.9313;0
1400;1.56626;23.7022;15.1329;0
1500;1.93439;29.4255;15.2118;0
1600;2.33063;36.0756;15.4789;0
1700;2.79253;43.4533;15.5606;0
1800;3.31616;52.7196;15.8978;0
1900;3.90153;61.9688;15.8832;0
2000;4.51421;75.6911;16.7673;0
