Row size;OpenBLAS;Current;Ratio;Inaccuracy
100;0.00214478;0.00989186;4.61205;0
200;0.00486093;0.0506528;10.4204;0
300;0.0216381;0.149119;6.89152;0
400;0.0673344;0.309928;4.60282;0
500;0.0885615;0.51474;5.81224;0
600;0.132581;0.735491;5.54748;0
700;0.23237;1.06204;4.57047;0
800;0.307624;1.53093;4.97662;0
900;0.44032;2.14673;4.87539;0
1000;0.587256;2.88138;4.90652;0
1100;0.768921;3.72993;4.85086;0
1200;0.997463;4.83001;4.8423;0
1300;1.25641;6.07242;4.83314;0
1400;1.58033;7.58098;4.79707;0
1500;1.92507;9.2919;4.8268;0
1600;2.34264;11.2996;4.82343;0
1700;2.80469;13.4915;4.81032;0
1800;3.3103;16.0171;4.83856;0
1900;3.89899;19.1908;4.92199;0
2000;4.54087;22.4002;4.93302;0
