Row size;OpenBLAS;Current;Ratio;Inaccuracy
100;0.00711131;0.0269659;3.79197;0
200;0.0380149;0.219325;5.76944;0
300;0.121004;0.791744;6.54314;0
400;0.260836;11.644;44.6409;0
500;0.53885;19.1118;35.4678;0
600;0.8973;44.3001;49.3704;0
700;2.33512;104.779;44.871;0
800;4.01442;194.153;48.3638;0
900;5.92976;324.069;54.6513;0
1000;8.32509;448.833;53.9133;0
