Row size;OpenBLAS;Current;Ratio;Inaccuracy
100;0.000250359;0.000857063;3.42333;0
200;0.000328927;0.00771415;23.4525;0
300;0.000988507;0.0307641;31.1218;0
400;0.00226475;0.0644796;28.471;0
500;0.00438878;0.12519;28.5249;0
600;0.0086538;0.198651;22.9553;0
700;0.0120116;0.318077;26.4808;0
800;0.0172761;0.567615;32.8555;0
900;0.0272724;0.812379;29.7876;0
1000;0.0406334;1.19771;29.4761;0
1100;0.0573012;1.5603;27.2298;0
1200;0.0670572;2.58895;38.608;0
1300;0.0845987;3.52204;41.6323;0
1400;0.105034;4.36418;41.5502;0
1500;0.124942;7.50586;60.0749;0
1600;0.144278;9.19897;63.7587;0
1700;0.170482;10.7862;63.269;0
1800;0.202194;12.7548;63.0817;0
1900;0.228268;17.0453;74.6726;0
2000;0.262601;20.1837;76.8607;0
