Row size;OpenBLAS;Current;Ratio;Inaccuracy
100;0.000105179;0.000311303;2.95974;0
200;0.000715159;0.00307295;4.29688;0
300;0.00114461;0.0122454;10.6983;0
400;0.00235707;0.0237059;10.0573;0
500;0.00444527;0.0429259;9.65653;0
600;0.0132506;0.140197;10.5804;0
700;0.0119964;0.145397;12.12;0
800;0.0174394;0.228801;13.1198;0
900;0.0233353;0.366123;15.6897;0
1000;0.032309;0.482633;14.938;0
1100;0.0534111;0.636278;11.9128;0
1200;0.0549092;0.78096;14.2227;0
1300;0.0825392;0.932655;11.2995;0
1400;0.104298;1.19042;11.4136;0
1500;0.108037;1.41902;13.1346;0
1600;0.145195;1.6518;11.3765;0
1700;0.161023;2.02213;12.5581;0
1800;0.222436;2.46435;11.0789;0
1900;0.236476;2.83144;11.9735;0
2000;0.262024;3.15377;12.0362;0
