Row size;OpenBLAS;Current;Ratio;Inaccuracy
100;0.00214187;0.00383095;1.7886;0
200;0.00146466;0.0899755;61.4308;0
300;0.00374049;0.150857;40.3307;0
400;0.00634966;0.15686;24.7036;0
500;0.0108621;0.153416;14.1239;0
600;0.0145817;0.319779;21.9301;0
700;0.016104;0.304859;18.9306;0
800;0.0211742;0.306553;14.4776;0
900;0.0275993;0.319108;11.5622;0
1000;0.0434065;0.305178;7.03071;0
1100;0.0697448;1.92778;27.6405;0
1200;0.0656449;1.80648;27.519;0
1300;0.0788945;1.64654;20.8702;0
1400;0.099853;1.62563;16.2802;0
1500;0.121427;1.6196;13.3381;0
1600;0.142851;1.62678;11.388;0
1700;0.171262;1.64341;9.59585;0
1800;0.20498;1.63684;7.98538;0
1900;0.243392;1.62996;6.69683;0
2000;0.277638;1.61353;5.81165;0
