Row size;OpenBLAS;Current;Ratio;Inaccuracy
100;0.00157616;0.00524534;3.32792;0
200;0.00158671;0.0103559;6.52666;0
300;0.00162558;0.020362;12.526;0
400;0.00312805;0.0358711;11.4676;0
500;0.00531397;0.0700165;13.1759;0
600;0.0085795;0.0820441;9.5628;0
700;0.0135616;0.134625;9.92691;0
800;0.0190947;0.162182;8.49354;0
900;0.025245;0.203138;8.04665;0
1000;0.0362888;0.252459;6.95693;0
1100;0.0543985;0.32577;5.98858;0
1200;0.0599256;0.42236;7.04807;0
1300;0.0776264;0.505522;6.51225;0
1400;0.0983334;0.627571;6.38207;0
1500;0.118158;0.745766;6.3116;0
1600;0.137518;0.895437;6.51142;0
1700;0.180473;1.05654;5.85429;0
1800;0.199348;1.22013;6.12059;0
1900;0.238351;1.43041;6.00129;0
2000;0.291045;1.66177;5.70968;0
